dataset,method,wall_seconds,peak_rss_mib,user_seconds,system_seconds,timed_out,exit_code,effect,seed,status,cpu_seconds,tp,fp,fn,selected_shifts,any_shift,precision,recall,f1,mean_rmse,aic
effect0-seed28101,baseline,4.561406877008267,112.24609375,4.482487,0.061361,False,0,0,28101,complete,4.543848,0,10,0,10,1,0.0,,,0.6235067038554634,226.94091039116017
effect0-seed28101,candidate,2.458268042973941,112.8828125,2.2931,0.044072,False,0,0,28101,complete,2.337172,0,10,0,10,1,0.0,,,0.6025123329148865,233.8923652838128
effect0-seed28101,kfl1ou,12.077815588010708,126.28125,12.022734,0.035405,False,0,0,28101,complete,12.058139,0,8,0,8,1,0.0,,,0.5722268307212308,241.49447343170183
effect0-seed28102,candidate,1.7837234170001466,111.76171875,1.679706,0.037656999999999996,False,0,0,28102,complete,1.717363,0,10,0,10,1,0.0,,,0.6781616265323183,244.91306351320256
effect0-seed28102,kfl1ou,10.729216754989466,120.4765625,10.629371,0.031982,False,0,0,28102,complete,10.661353,0,7,0,7,1,0.0,,,0.6270880286876213,247.8048576936938
effect0-seed28102,baseline,3.8067978770122863,112.4375,3.715716,0.035994,False,0,0,28102,complete,3.75171,0,10,0,10,1,0.0,,,0.673277821575054,237.10038351197974
effect0-seed28103,kfl1ou,11.268928047007648,121.1328125,11.165929,0.033194,False,0,0,28103,complete,11.199123,0,6,0,6,1,0.0,,,0.5916829055755097,232.38617552537167
effect0-seed28103,baseline,3.943820626998786,112.65625,3.789742,0.043352999999999996,False,0,0,28103,complete,3.833095,0,10,0,10,1,0.0,,,0.6646634416613582,222.39520286244684
effect0-seed28103,candidate,2.0024868339824025,112.265625,1.96042,0.035213,False,0,0,28103,complete,1.995633,0,10,0,10,1,0.0,,,0.6369137796636378,234.81273227662552
effect0-seed28104,baseline,4.0140027519955765,112.5234375,3.861182,0.043428,False,0,0,28104,complete,3.90461,0,9,0,9,1,0.0,,,0.7252822285982461,239.0268248611779
effect0-seed28104,candidate,1.7740621679986361,111.99609375,1.661505,0.047375,False,0,0,28104,complete,1.70888,0,10,0,10,1,0.0,,,0.7283377337954706,243.4651475237105
effect0-seed28104,kfl1ou,11.161479963018792,118.37109375,11.030695,0.043984999999999996,False,0,0,28104,complete,11.074679999999999,0,8,0,8,1,0.0,,,0.6835614419863794,246.2027066026055
effect0-seed28105,candidate,2.116783375997329,112.1015625,2.074752,0.029058999999999998,False,0,0,28105,complete,2.1038110000000003,0,10,0,10,1,0.0,,,0.8587378941007872,226.62546781370344
effect0-seed28105,kfl1ou,11.81160813101451,125.05078125,11.766207,0.035918,False,0,0,28105,complete,11.802125,0,9,0,9,1,0.0,,,0.8381038685521407,234.11312183228617
effect0-seed28105,baseline,4.151856876997044,112.4921875,3.934163,0.038978,False,0,0,28105,complete,3.973141,0,10,0,10,1,0.0,,,0.8610576377922573,222.745924685313
effect0-seed28106,kfl1ou,12.420789672993124,125.2421875,12.257273,0.054831,False,0,0,28106,complete,12.312104,0,8,0,8,1,0.0,,,0.7918421066302817,269.3494636619781
effect0-seed28106,baseline,3.716524583986029,112.22265625,3.584572,0.041511,False,0,0,28106,complete,3.626083,0,10,0,10,1,0.0,,,0.8176495256365924,266.1932173809132
effect0-seed28106,candidate,2.444200917991111,111.515625,2.306507,0.038605,False,0,0,28106,complete,2.345112,0,10,0,10,1,0.0,,,0.8161221536930794,268.00892505323077
effect0-seed28107,baseline,3.7119961690041237,112.53125,3.600981,0.03535,False,0,0,28107,complete,3.636331,0,10,0,10,1,0.0,,,0.6840380766994049,263.5464088233201
effect0-seed28107,candidate,1.796101791987894,111.95703125,1.6401249999999998,0.041277999999999995,False,0,0,28107,complete,1.6814029999999998,0,10,0,10,1,0.0,,,0.7192493356167112,260.9893848757498
effect0-seed28107,kfl1ou,11.879618714010576,118.73828125,11.741551,0.031708,False,0,0,28107,complete,11.773259,0,7,0,7,1,0.0,,,0.6775729377411385,263.54078146055343
effect0-seed28108,candidate,2.4301000430132262,112.0859375,2.318164,0.040264999999999995,False,0,0,28108,complete,2.358429,0,10,0,10,1,0.0,,,0.7277371453776329,264.2447466932332
effect0-seed28108,kfl1ou,12.497246171988081,126.484375,12.370174,0.039812,False,0,0,28108,complete,12.409986,0,7,0,7,1,0.0,,,0.6903104830223971,265.11427727728096
effect0-seed28108,baseline,3.911930042988388,112.41015625,3.825745,0.048415,False,0,0,28108,complete,3.87416,0,10,0,10,1,0.0,,,0.7316331094877944,261.89758888039165
effect0-seed28109,kfl1ou,12.001969922013814,122.95703125,11.859344,0.036604,False,0,0,28109,complete,11.895948,0,8,0,8,1,0.0,,,0.6866230534030308,249.8233401962885
effect0-seed28109,baseline,4.016571627027588,112.37109375,3.876435,0.042045,False,0,0,28109,complete,3.9184799999999997,0,10,0,10,1,0.0,,,0.6769890241102728,246.16448919275663
effect0-seed28109,candidate,1.7092500839789864,111.91015625,1.652132,0.038715,False,0,0,28109,complete,1.690847,0,10,0,10,1,0.0,,,0.725215300720319,249.64473422761483
effect0-seed28110,baseline,3.7347580839996226,112.453125,3.6834350000000002,0.040989,False,0,0,28110,complete,3.7244240000000004,0,10,0,10,1,0.0,,,0.7832786671050057,237.88004401988817
effect0-seed28110,candidate,2.0091099590063095,112.0234375,1.852471,0.042362,False,0,0,28110,complete,1.894833,0,10,0,10,1,0.0,,,0.7638866229336566,243.80302263729183
effect0-seed28110,kfl1ou,11.920302631013328,121.77734375,11.832305,0.033697,False,0,0,28110,complete,11.866002,0,9,0,9,1,0.0,,,0.7587995173854938,248.13000896848843
effect0-seed28111,candidate,1.9173178760102019,112.125,1.881627,0.030262999999999998,False,0,0,28111,complete,1.9118899999999999,0,10,0,10,1,0.0,,,0.7311978273730037,258.5551440695406
effect0-seed28111,kfl1ou,11.233375172014348,121.45703125,11.100854,0.018883999999999998,False,0,0,28111,complete,11.119738,0,7,0,7,1,0.0,,,0.6856336619290888,261.8471737190388
effect0-seed28111,baseline,3.911803875991609,112.60546875,3.839346,0.037971,False,0,0,28111,complete,3.877317,0,10,0,10,1,0.0,,,0.7496309723976056,253.4238516054924
effect0-seed28112,kfl1ou,11.008915672020521,125.02734375,10.874729,0.034577,False,0,0,28112,complete,10.909306,0,9,0,9,1,0.0,,,0.7788018842648867,262.920828130339
effect0-seed28112,baseline,3.913659710000502,112.52734375,3.775824,0.038436,False,0,0,28112,complete,3.81426,0,10,0,10,1,0.0,,,0.6677457269486585,262.8790955057965
effect0-seed28112,candidate,1.5121150420163758,112.1171875,1.384977,0.043248999999999996,False,0,0,28112,complete,1.428226,0,10,0,10,1,0.0,,,0.7794496213837052,264.2451523611989
effect0-seed28113,baseline,3.7196026259916835,112.38671875,3.616756,0.043443999999999997,False,0,0,28113,complete,3.6602,0,10,0,10,1,0.0,,,0.7886733735048276,269.769158845636
effect0-seed28113,candidate,2.0196488759829663,112.12109375,1.964429,0.032305,False,0,0,28113,complete,1.996734,0,10,0,10,1,0.0,,,0.8271455976603133,272.8558081690112
effect0-seed28113,kfl1ou,12.504919714003336,123.76953125,12.377918,0.034858,False,0,0,28113,complete,12.412776,0,8,0,8,1,0.0,,,0.7888972802719448,272.91995762123884
effect0-seed28114,candidate,2.2306584600009955,112.14453125,2.11559,0.05245,False,0,0,28114,complete,2.16804,0,10,0,10,1,0.0,,,0.8492628965692157,248.68448479254715
effect0-seed28114,kfl1ou,10.710664295998868,121.80859375,10.655758,0.032153,False,0,0,28114,complete,10.687911,0,9,0,9,1,0.0,,,0.8421925256440523,252.07047490917003
effect0-seed28114,baseline,3.7046581269823946,112.43359375,3.597836,0.050602,False,0,0,28114,complete,3.648438,0,10,0,10,1,0.0,,,0.8193570851995541,255.81718585076302
effect0-seed28115,kfl1ou,12.623742921976373,155.140625,12.535199,0.056518,False,0,0,28115,complete,12.591717000000001,0,7,0,7,1,0.0,,,0.6017244737026984,248.541177751887
effect0-seed28115,baseline,5.114687459979905,112.43359375,4.99179,0.027438999999999998,False,0,0,28115,complete,5.019229,0,10,0,10,1,0.0,,,0.6712421099436486,235.23160566850916
effect0-seed28115,candidate,2.423243167984765,111.99609375,2.341031,0.04647,False,0,0,28115,complete,2.387501,0,10,0,10,1,0.0,,,0.6415153838544573,245.58561603618082
effect0-seed28116,baseline,4.122171710012481,112.41796875,3.991359,0.047431,False,0,0,28116,complete,4.0387900000000005,0,10,0,10,1,0.0,,,0.5920850458107604,223.61230293209303
effect0-seed28116,candidate,1.416625001002103,111.94140625,1.293136,0.029925999999999998,False,0,0,28116,complete,1.323062,0,10,0,10,1,0.0,,,0.6349435499587405,227.99086300917773
effect0-seed28116,kfl1ou,11.844257087999722,119.8828125,11.719753,0.031117,False,0,0,28116,complete,11.75087,0,8,0,8,1,0.0,,,0.5992111204083758,230.53352768608983
effect0-seed28117,candidate,1.9133488340012264,112.01171875,1.772697,0.047954,False,0,0,28117,complete,1.820651,0,10,0,10,1,0.0,,,0.7087750496036562,270.54624404690907
effect0-seed28117,kfl1ou,13.12278092300403,119.55859375,13.023779,0.039396,False,0,0,28117,complete,13.063175,0,7,0,7,1,0.0,,,0.6238804634306515,271.49861069303023
effect0-seed28117,baseline,4.11418675200548,112.453125,3.9937899999999997,0.035379,False,0,0,28117,complete,4.029169,0,10,0,10,1,0.0,,,0.677741980704743,262.6382436485733
effect0-seed28118,kfl1ou,11.422006964014145,120.21875,11.353261,0.045578,False,0,0,28118,complete,11.398839,0,7,0,7,1,0.0,,,0.6915613598601763,263.48684087823193
effect0-seed28118,baseline,3.914238502009539,112.4140625,3.819599,0.042647,False,0,0,28118,complete,3.8622460000000003,0,10,0,10,1,0.0,,,0.7578920683365751,257.4499933192769
effect0-seed28118,candidate,2.0966415849979967,112.12890625,2.0298,0.047406,False,0,0,28118,complete,2.077206,0,10,0,10,1,0.0,,,0.7452518846350391,256.79951181014724
effect0-seed28119,baseline,3.913677626987919,112.62890625,3.7823700000000002,0.05397,False,0,0,28119,complete,3.8363400000000003,0,10,0,10,1,0.0,,,0.5953569904062739,259.26737517097206
effect0-seed28119,candidate,2.1041249590052757,111.89453125,2.002696,0.040988,False,0,0,28119,complete,2.043684,0,10,0,10,1,0.0,,,0.611182372424546,260.72125699091157
effect0-seed28119,kfl1ou,12.223380756011466,122.12109375,12.084184,0.036134,False,0,0,28119,complete,12.120318000000001,0,6,0,6,1,0.0,,,0.5066501817937785,261.07650586953446
effect0-seed28120,candidate,1.7630489179864526,112.10546875,1.646049,0.042683,False,0,0,28120,complete,1.6887320000000001,0,10,0,10,1,0.0,,,0.6865232610397177,230.21745556786277
effect0-seed28120,kfl1ou,11.102358045987785,119.83984375,10.956055,0.039047,False,0,0,28120,complete,10.995102,0,7,0,7,1,0.0,,,0.630182068499728,226.88012127438932
effect0-seed28120,baseline,3.816076210991014,112.51953125,3.733324,0.023998,False,0,0,28120,complete,3.7573220000000003,0,10,0,10,1,0.0,,,0.6776372049433915,223.8513283523994
effect0-seed28121,kfl1ou,10.512638380023418,119.6484375,10.454392,0.024582,False,0,0,28121,complete,10.478974000000001,0,8,0,8,1,0.0,,,0.6826985827506439,224.18381875766397
effect0-seed28121,baseline,3.954041792982025,112.53515625,3.872744,0.039199,False,0,0,28121,complete,3.911943,0,10,0,10,1,0.0,,,0.689035780965527,215.75778969747654
effect0-seed28121,candidate,1.3741095000004862,111.890625,1.302433,0.049232,False,0,0,28121,complete,1.351665,0,10,0,10,1,0.0,,,0.6977934106485268,222.5754735963292
effect0-seed28122,baseline,4.214093752001645,112.59765625,4.079458,0.039962,False,0,0,28122,complete,4.11942,0,10,0,10,1,0.0,,,0.6256885645254884,240.23307105226647
effect0-seed28122,candidate,1.7783000839990564,111.9140625,1.658275,0.033256,False,0,0,28122,complete,1.691531,0,10,0,10,1,0.0,,,0.5984605435481063,248.07879602024803
effect0-seed28122,kfl1ou,11.372683964000316,126.140625,11.282154,0.046467,False,0,0,28122,complete,11.328621,0,8,0,8,1,0.0,,,0.5720974024149392,249.812442481428
effect0-seed28123,candidate,2.2292440430028364,112.21484375,2.104659,0.044673,False,0,0,28123,complete,2.149332,0,10,0,10,1,0.0,,,0.724026276875009,249.73117567648666
effect0-seed28123,kfl1ou,11.511165171978064,121.85546875,11.443104,0.031139999999999998,False,0,0,28123,complete,11.474244,0,6,0,6,1,0.0,,,0.6657887808904146,249.41166107632932
effect0-seed28123,baseline,3.9383497520175297,112.35546875,3.889162,0.035989,False,0,0,28123,complete,3.9251509999999996,0,9,0,9,1,0.0,,,0.6838351133714543,240.12962309129668
effect0-seed28124,kfl1ou,11.720704256003955,124.3359375,11.578711,0.041926,False,0,0,28124,complete,11.620637,0,7,0,7,1,0.0,,,0.6884068770389814,266.4467847666552
effect0-seed28124,baseline,4.073529126995709,112.4296875,4.011048,0.035246,False,0,0,28124,complete,4.046294,0,10,0,10,1,0.0,,,0.7748527439561943,256.7585178612603
effect0-seed28124,candidate,2.188591542013455,112.34375,2.081706,0.045544,False,0,0,28124,complete,2.12725,0,10,0,10,1,0.0,,,0.7516065202546025,262.1831434651567
effect0-seed28125,baseline,4.005480210005771,112.41015625,3.934235,0.050484999999999995,False,0,0,28125,complete,3.9847200000000003,0,10,0,10,1,0.0,,,0.7015928794757549,256.9948830568212
effect0-seed28125,candidate,2.084104125009617,112.00390625,1.967862,0.049497,False,0,0,28125,complete,2.017359,0,10,0,10,1,0.0,,,0.734127475026501,257.7366517052381
effect0-seed28125,kfl1ou,12.597201922006207,118.0703125,12.444717,0.04088,False,0,0,28125,complete,12.485597,0,9,0,9,1,0.0,,,0.7161815060207299,262.0986392105875
effect0-seed28126,candidate,1.996670709020691,111.875,1.908771,0.044253999999999995,False,0,0,28126,complete,1.953025,0,10,0,10,1,0.0,,,0.8004496217337169,268.0604188068637
effect0-seed28126,kfl1ou,14.070666548010195,121.4921875,13.993186,0.040206,False,0,0,28126,complete,14.033392,0,9,0,9,1,0.0,,,0.7883388296800786,268.13436045879286
effect0-seed28126,baseline,4.007840459002182,112.44140625,3.961738,0.034269,False,0,0,28126,complete,3.996007,0,10,0,10,1,0.0,,,0.8023258245816415,264.3197313982219
effect0-seed28127,kfl1ou,12.104258881008718,121.13671875,12.021938,0.032264,False,0,0,28127,complete,12.054202,0,6,0,6,1,0.0,,,0.5963483902776812,243.65282877423002
effect0-seed28127,baseline,4.017176294000819,112.24609375,3.920493,0.046477,False,0,0,28127,complete,3.96697,0,10,0,10,1,0.0,,,0.6746415855405703,238.84930390681203
effect0-seed28127,candidate,2.0070798759988975,111.87890625,1.942294,0.031416,False,0,0,28127,complete,1.97371,0,10,0,10,1,0.0,,,0.6924624976837669,230.36496807277337
effect0-seed28128,baseline,4.136679168994306,112.20703125,3.994248,0.037017999999999995,False,0,0,28128,complete,4.031266,0,10,0,10,1,0.0,,,0.6452762239116255,227.96105409978495
effect0-seed28128,candidate,2.01651079201838,112.1640625,1.934825,0.048983,False,0,0,28128,complete,1.983808,0,10,0,10,1,0.0,,,0.6881617919202807,236.631017129222
effect0-seed28128,kfl1ou,10.918599296011962,120.37890625,10.836639,0.036372999999999996,False,0,0,28128,complete,10.873012,0,8,0,8,1,0.0,,,0.6548101754341659,236.31906517493616
effect0-seed28129,candidate,1.979740209004376,112.1171875,1.87072,0.034026,False,0,0,28129,complete,1.9047459999999998,0,10,0,10,1,0.0,,,0.721786819599104,252.96561265928491
effect0-seed28129,kfl1ou,11.119736255990574,121.6484375,10.975112,0.03881,False,0,0,28129,complete,11.013921999999999,0,8,0,8,1,0.0,,,0.7105544590207351,250.80296319934357
effect0-seed28129,baseline,4.01473566898494,112.54296875,3.898206,0.035363,False,0,0,28129,complete,3.933569,0,10,0,10,1,0.0,,,0.7529332916640556,242.2596810283842
effect0-seed28130,kfl1ou,11.923242630000459,120.44140625,11.86499,0.032518,False,0,0,28130,complete,11.897508,0,6,0,6,1,0.0,,,0.5858304548493263,260.387921703114
effect0-seed28130,baseline,3.72929675100022,112.35546875,3.68673,0.033976,False,0,0,28130,complete,3.720706,0,10,0,10,1,0.0,,,0.6179875456873447,250.92750858549272
effect0-seed28130,candidate,1.5935447509982623,111.76953125,1.498523,0.044454,False,0,0,28130,complete,1.542977,0,10,0,10,1,0.0,,,0.6243379607736423,259.01121193971346
effect2-seed28101,baseline,4.317199960001744,112.265625,4.218882,0.043477999999999996,False,0,2,28101,complete,4.26236,2,8,8,10,1,0.2,0.2,0.2,1.0190516958867426,284.8057682479323
effect2-seed28101,candidate,2.2108537509921007,111.61328125,2.064022,0.050455,False,0,2,28101,complete,2.114477,5,5,5,10,1,0.5,0.5,0.5,0.5934277478394987,266.29641076885207
effect2-seed28101,kfl1ou,9.369577047007624,121.32421875,9.294846,0.031246,False,0,2,28101,complete,9.326092,5,3,5,8,1,0.625,0.5,0.5555555555555556,0.5489097056185068,272.6042385028259
effect2-seed28102,candidate,1.0422657080052886,111.6875,0.975166,0.041456,False,0,2,28102,complete,1.016622,3,7,7,10,1,0.3,0.3,0.3,0.7946045391132917,287.4158694216924
effect2-seed28102,kfl1ou,9.113581379002426,109.83984375,9.01406,0.034255,False,0,2,28102,complete,9.048315,2,5,8,7,1,0.2857142857142857,0.2,0.23529411764705882,0.7966255823405755,276.5792066211302
effect2-seed28102,baseline,4.7869801280030515,112.484375,4.704159,0.038709,False,0,2,28102,complete,4.742868,2,8,8,10,1,0.2,0.2,0.2,1.2432344475391979,272.9551919559975
effect2-seed28103,kfl1ou,9.12242371198954,117.5234375,9.026235,0.035634,False,0,2,28103,complete,9.061869,2,6,8,8,1,0.25,0.2,0.2222222222222222,0.6324078469007706,261.6156987463837
effect2-seed28103,baseline,4.643079253000906,112.36328125,4.542394,0.05067,False,0,2,28103,complete,4.593064,2,8,8,10,1,0.2,0.2,0.2,0.9323454689628412,270.2918988057454
effect2-seed28103,candidate,2.2159412920009345,112.265625,2.104044,0.047203999999999996,False,0,2,28103,complete,2.151248,3,7,7,10,1,0.3,0.3,0.3,0.6833161019721405,260.6365122390341
effect2-seed28104,baseline,4.604245127004106,112.5390625,4.553415,0.041205,False,0,2,28104,complete,4.59462,2,8,8,10,1,0.2,0.2,0.2,1.2398456638289295,282.1173168903729
effect2-seed28104,candidate,2.2123716670030262,112.1328125,2.099916,0.041292999999999996,False,0,2,28104,complete,2.141209,4,6,6,10,1,0.4,0.4,0.4,0.8372150370725608,264.1642116880935
effect2-seed28104,kfl1ou,9.411248671007343,111.30859375,9.346102,0.032826999999999995,False,0,2,28104,complete,9.378929,2,4,8,6,1,0.3333333333333333,0.2,0.25,0.7578681985219423,281.5990959662611
effect2-seed28105,candidate,2.0134275420277845,112.0703125,1.9127459999999998,0.038378999999999996,False,0,2,28105,complete,1.9511249999999998,5,5,5,10,1,0.5,0.5,0.5,0.9344941118438337,277.94150524304234
effect2-seed28105,kfl1ou,9.018818295997335,118.00390625,8.880549,0.035969999999999995,False,0,2,28105,complete,8.916519000000001,5,4,5,9,1,0.5555555555555556,0.5,0.5263157894736842,0.9141522696896442,278.53577496640855
effect2-seed28105,baseline,4.604225418006536,112.26953125,4.506842,0.036036,False,0,2,28105,complete,4.542878,3,7,7,10,1,0.3,0.3,0.3,1.302692667117358,267.9907001743807
effect2-seed28106,kfl1ou,10.41952283802675,119.9296875,10.289391,0.033914,False,0,2,28106,complete,10.323305,5,5,5,10,1,0.5,0.5,0.5,0.8301639885485723,300.57645337537315
effect2-seed28106,baseline,4.435746918985387,112.46875,4.301144,0.044356,False,0,2,28106,complete,4.3454999999999995,1,9,9,10,1,0.1,0.1,0.1,1.2340035462157724,301.66771327698723
effect2-seed28106,candidate,2.3057190429826733,112.2578125,2.236072,0.051732,False,0,2,28106,complete,2.287804,5,5,5,10,1,0.5,0.5,0.5,0.971709327431266,293.0717153093359
effect2-seed28107,baseline,4.116203668003436,112.2734375,4.048639,0.043529,False,0,2,28107,complete,4.092168,3,7,7,10,1,0.3,0.3,0.3,0.9228844511090081,296.21777574786574
effect2-seed28107,candidate,1.9097969589929562,112.16015625,1.854263,0.047421,False,0,2,28107,complete,1.901684,4,6,6,10,1,0.4,0.4,0.4,0.8138128011620233,284.7646921458953
effect2-seed28107,kfl1ou,10.619485172006534,121.1875,10.504486,0.036768999999999996,False,0,2,28107,complete,10.541255,5,2,5,7,1,0.7142857142857143,0.5,0.5882352941176471,0.7494303508693241,285.99939272582014
effect2-seed28108,candidate,2.3036304599954747,112.21484375,2.219926,0.041602,False,0,2,28108,complete,2.261528,3,7,7,10,1,0.3,0.3,0.3,0.8807250535442919,275.2941351225502
effect2-seed28108,kfl1ou,9.51892817101907,125.015625,9.39022,0.033906,False,0,2,28108,complete,9.424126,2,6,8,8,1,0.25,0.2,0.2222222222222222,0.8520335753129159,279.64870114216103
effect2-seed28108,baseline,4.117972835025284,112.30859375,4.069375,0.036275999999999996,False,0,2,28108,complete,4.105651,1,8,9,9,1,0.1111111111111111,0.1,0.10526315789473684,0.9095506367719715,296.8382145057242
effect2-seed28109,kfl1ou,9.927382962981937,115.96875,9.830104,0.045718999999999996,False,0,2,28109,complete,9.875823,3,5,7,8,1,0.375,0.3,0.3333333333333333,0.6103588549544816,274.6104242292631
effect2-seed28109,baseline,4.3662234189978335,112.48828125,4.277824,0.044434,False,0,2,28109,complete,4.322258,3,7,7,10,1,0.3,0.3,0.3,0.9547346764100032,269.4157854833139
effect2-seed28109,candidate,2.10985375099699,112.3203125,2.049094,0.039573,False,0,2,28109,complete,2.088667,5,5,5,10,1,0.5,0.5,0.5,0.6493662745549624,277.7729307090615
effect2-seed28110,baseline,4.613981960021192,112.55859375,4.499585,0.031980999999999996,False,0,2,28110,complete,4.531566,1,9,9,10,1,0.1,0.1,0.1,1.2396694400548685,275.4198849416884
effect2-seed28110,candidate,1.923418501013657,112.15234375,1.8105099999999998,0.039517,False,0,2,28110,complete,1.8500269999999999,1,9,9,10,1,0.1,0.1,0.1,1.1088786860669584,289.16446227521897
effect2-seed28110,kfl1ou,9.098692130006384,114.046875,8.990672,0.038414,False,0,2,28110,complete,9.029086,1,7,9,8,1,0.125,0.1,0.1111111111111111,0.8722931218928701,284.3993812675857
effect2-seed28111,candidate,2.1110573339974508,112.11328125,1.9760719999999998,0.029949999999999997,False,0,2,28111,complete,2.0060219999999997,5,5,5,10,1,0.5,0.5,0.5,0.8189242271535212,289.91610642097476
effect2-seed28111,kfl1ou,10.716568046016619,119.0390625,10.575808,0.036062,False,0,2,28111,complete,10.61187,5,3,5,8,1,0.625,0.5,0.5555555555555556,0.8121120246522616,291.04330803523095
effect2-seed28111,baseline,4.41446179401828,112.5234375,4.297486,0.043002,False,0,2,28111,complete,4.340488000000001,3,7,7,10,1,0.3,0.3,0.3,1.0967904557060812,287.65124015948214
effect2-seed28112,kfl1ou,9.32808642098098,118.49609375,9.22214,0.03216,False,0,2,28112,complete,9.254299999999999,5,3,5,8,1,0.625,0.5,0.5555555555555556,0.7750104445222903,296.0150558170849
effect2-seed28112,baseline,4.506075044017052,112.54296875,4.407589,0.037555,False,0,2,28112,complete,4.445144,3,7,7,10,1,0.3,0.3,0.3,1.3411221350757376,298.5236794866704
effect2-seed28112,candidate,2.223813792981673,112.19140625,2.102466,0.046467999999999995,False,0,2,28112,complete,2.148934,6,4,4,10,1,0.6,0.6,0.6,0.7561524625595296,290.8530789249887
effect2-seed28113,baseline,4.316423001000658,112.42578125,4.244416,0.030536999999999998,False,0,2,28113,complete,4.274953,1,9,9,10,1,0.1,0.1,0.1,1.2854894214587307,286.24552006851474
effect2-seed28113,candidate,1.620138958998723,112.0,1.5367929999999999,0.036168,False,0,2,28113,complete,1.5729609999999998,3,7,7,10,1,0.3,0.3,0.3,0.8998718759870836,294.7252486165029
effect2-seed28113,kfl1ou,11.31298396398779,116.1796875,11.23909,0.034045,False,0,2,28113,complete,11.273135,3,6,7,9,1,0.3333333333333333,0.3,0.3157894736842105,0.9533339154697219,294.6505538140459
effect2-seed28114,candidate,2.0456203760113567,111.97265625,1.990961,0.035012999999999996,False,0,2,28114,complete,2.025974,5,5,5,10,1,0.5,0.5,0.5,1.0093151598900825,290.89066911343355
effect2-seed28114,kfl1ou,8.809163171012187,117.9453125,8.75252,0.037931,False,0,2,28114,complete,8.790451000000001,6,3,4,9,1,0.6666666666666666,0.6,0.631578947368421,0.9482492203181733,290.6907669673858
effect2-seed28114,baseline,4.270369376987219,112.32421875,4.212303,0.028992,False,0,2,28114,complete,4.241295,4,6,6,10,1,0.4,0.4,0.4,1.227941287485941,294.03903502797095
effect2-seed28115,kfl1ou,9.819749129994307,118.921875,9.698865,0.037003,False,0,2,28115,complete,9.735868,5,3,5,8,1,0.625,0.5,0.5555555555555556,0.41412648421861,289.71862748039223
effect2-seed28115,baseline,4.414544751984067,112.23828125,4.302577,0.029210999999999997,False,0,2,28115,complete,4.331788,3,7,7,10,1,0.3,0.3,0.3,1.1146224673635552,306.539666808865
effect2-seed28115,candidate,2.215055125998333,112.0625,2.13874,0.046458,False,0,2,28115,complete,2.1851979999999998,5,5,5,10,1,0.5,0.5,0.5,0.5026911323187709,281.0563753755458
effect2-seed28116,baseline,4.2966855019913055,112.0859375,4.194945,0.049665999999999995,False,0,2,28116,complete,4.244611,4,6,6,10,1,0.4,0.4,0.4,0.8597902167602562,252.08075553677457
effect2-seed28116,candidate,2.115877542993985,112.28125,2.012027,0.042966,False,0,2,28116,complete,2.0549929999999996,5,4,5,9,1,0.5555555555555556,0.5,0.5263157894736842,0.7666164548561731,260.58968904551404
effect2-seed28116,kfl1ou,10.388924713013694,111.50390625,10.261047,0.037877,False,0,2,28116,complete,10.298924,4,4,6,8,1,0.5,0.4,0.4444444444444444,0.7930391878547293,258.0615932084889
effect2-seed28117,candidate,2.212966959021287,112.2421875,2.085657,0.055007,False,0,2,28117,complete,2.1406639999999997,2,8,8,10,1,0.2,0.2,0.2,0.7660617552953509,292.90700857592634
effect2-seed28117,kfl1ou,9.809563629009062,116.3984375,9.759247,0.037424,False,0,2,28117,complete,9.796671,2,7,8,9,1,0.2222222222222222,0.2,0.21052631578947367,0.7509999160186563,296.81602565542494
effect2-seed28117,baseline,4.454448877018876,112.578125,4.384684,0.046460999999999995,False,0,2,28117,complete,4.431145,1,9,9,10,1,0.1,0.1,0.1,1.2219915222700062,288.99520777118425
effect2-seed28118,kfl1ou,8.713110919983592,121.953125,8.573545,0.049278999999999996,False,0,2,28118,complete,8.622824,5,4,5,9,1,0.5555555555555556,0.5,0.5263157894736842,0.8438422778085821,284.06781040828776
effect2-seed28118,baseline,4.300003543990897,112.359375,4.215527,0.042407,False,0,2,28118,complete,4.257934,2,8,8,10,1,0.2,0.2,0.2,0.954844697334403,286.2827983342465
effect2-seed28118,candidate,2.212825125985546,112.2265625,2.092816,0.03546,False,0,2,28118,complete,2.128276,5,5,5,10,1,0.5,0.5,0.5,0.8759476499743725,278.58265396672823
effect2-seed28119,baseline,4.474661794025451,112.5546875,4.333748,0.048372,False,0,2,28119,complete,4.38212,2,8,8,10,1,0.2,0.2,0.2,1.0412674381507445,287.82640922507284
effect2-seed28119,candidate,2.3194919179950375,112.05859375,2.218717,0.032239,False,0,2,28119,complete,2.250956,5,5,5,10,1,0.5,0.5,0.5,0.553443020321119,283.9799351351066
effect2-seed28119,kfl1ou,10.318149379978422,121.37109375,10.232454,0.0319,False,0,2,28119,complete,10.264354,2,6,8,8,1,0.25,0.2,0.2222222222222222,0.7150482143344546,288.6453316074468
effect2-seed28120,candidate,1.8044811680156272,112.0625,1.709867,0.041203,False,0,2,28120,complete,1.7510700000000001,3,7,7,10,1,0.3,0.3,0.3,0.8302982167370221,261.52095114837255
effect2-seed28120,kfl1ou,12.623532338999212,114.33984375,12.477936,0.037721,False,0,2,28120,complete,12.515657,2,6,8,8,1,0.25,0.2,0.2222222222222222,0.7986955980651538,267.0451319916796
effect2-seed28120,baseline,4.613086711004144,112.53515625,4.443377,0.060374,False,0,2,28120,complete,4.503751,1,9,9,10,1,0.1,0.1,0.1,1.1379364426017664,261.0790760145581
effect2-seed28121,kfl1ou,10.339030046015978,112.578125,10.200226,0.038232999999999996,False,0,2,28121,complete,10.238459,2,6,8,8,1,0.25,0.2,0.2222222222222222,0.7711510433945598,264.53345947620255
effect2-seed28121,baseline,4.809507002006285,112.4296875,4.6663499999999996,0.040408,False,0,2,28121,complete,4.706758,2,8,8,10,1,0.2,0.2,0.2,1.1082680743988822,255.50380754687012
effect2-seed28121,candidate,2.1233426260005217,112.16796875,1.9862769999999998,0.035317,False,0,2,28121,complete,2.021594,2,8,8,10,1,0.2,0.2,0.2,0.7715760423380819,247.07148962497843
effect2-seed28122,baseline,4.2250512929749675,112.5234375,4.074381,0.038037,False,0,2,28122,complete,4.112418,2,8,8,10,1,0.2,0.2,0.2,0.7978775213140102,290.53417200668116
effect2-seed28122,candidate,1.603468333982164,112.23828125,1.5129839999999999,0.036352999999999996,False,0,2,28122,complete,1.549337,6,4,4,10,1,0.6,0.6,0.6,0.5430183432248524,282.6788534883385
effect2-seed28122,kfl1ou,8.790179170988267,116.5625,8.736355,0.032527,False,0,2,28122,complete,8.768882,6,3,4,9,1,0.6666666666666666,0.6,0.631578947368421,0.5395386726741834,285.01615453645104
effect2-seed28123,candidate,2.3012577510089613,112.05859375,2.151088,0.056461,False,0,2,28123,complete,2.207549,3,7,7,10,1,0.3,0.3,0.3,0.797706531983107,247.06368210817888
effect2-seed28123,kfl1ou,9.710768046003068,119.3359375,9.656766,0.032373,False,0,2,28123,complete,9.689138999999999,3,5,7,8,1,0.375,0.3,0.3333333333333333,0.770730655737862,253.74937314528367
effect2-seed28123,baseline,4.376554835005663,112.5625,4.265611,0.036231,False,0,2,28123,complete,4.301842,2,8,8,10,1,0.2,0.2,0.2,1.017380792969091,260.4437787399202
effect2-seed28124,kfl1ou,10.110954464005772,118.20703125,10.064181,0.025273999999999998,False,0,2,28124,complete,10.089455,2,4,8,6,1,0.3333333333333333,0.2,0.25,0.8123943783032973,294.8197579348193
effect2-seed28124,baseline,4.311082169006113,112.53515625,4.227683,0.04262,False,0,2,28124,complete,4.270303,2,8,8,10,1,0.2,0.2,0.2,1.1859430884236803,303.2099084089134
effect2-seed28124,candidate,2.1137895849824417,111.96875,1.981789,0.045729,False,0,2,28124,complete,2.027518,5,5,5,10,1,0.5,0.5,0.5,0.6501370645358399,292.3279382480308
effect2-seed28125,baseline,4.407487294025486,112.24609375,4.334937,0.042596999999999996,False,0,2,28125,complete,4.377534,3,7,7,10,1,0.3,0.3,0.3,1.1071457868072088,283.131123151699
effect2-seed28125,candidate,1.9845113350020256,112.11328125,1.868096,0.052537999999999994,False,0,2,28125,complete,1.920634,6,4,4,10,1,0.6,0.6,0.6,0.7921936655385162,281.73534458736174
effect2-seed28125,kfl1ou,10.260566005017608,120.71875,10.112993,0.035834,False,0,2,28125,complete,10.148826999999999,6,4,4,10,1,0.6,0.6,0.6,0.6910063642085958,282.4250579334339
effect2-seed28126,candidate,1.610409751010593,111.90625,1.499866,0.044446,False,0,2,28126,complete,1.544312,5,5,5,10,1,0.5,0.5,0.5,0.7890411120313638,297.6805523681828
effect2-seed28126,kfl1ou,9.310008295986336,118.71875,9.254244,0.0434,False,0,2,28126,complete,9.297644,2,5,8,7,1,0.2857142857142857,0.2,0.23529411764705882,0.837986137878457,297.3799365806211
effect2-seed28126,baseline,4.402114960015751,112.36328125,4.28848,0.042551,False,0,2,28126,complete,4.331030999999999,1,9,9,10,1,0.1,0.1,0.1,1.521679229941572,304.5618871429086
effect2-seed28127,kfl1ou,11.665645255008712,116.94921875,11.604422,0.035671,False,0,2,28127,complete,11.640093,8,2,2,10,1,0.8,0.8,0.8,0.6284235995799088,275.445025966005
effect2-seed28127,baseline,4.472617834981065,112.55859375,4.321686,0.041011,False,0,2,28127,complete,4.362697,3,7,7,10,1,0.3,0.3,0.3,1.264915655117656,278.0694888577384
effect2-seed28127,candidate,2.0126237089862116,112.07421875,1.859635,0.041449,False,0,2,28127,complete,1.901084,8,2,2,10,1,0.8,0.8,0.8,0.6292149488620516,274.3056940945311
effect2-seed28128,baseline,4.517637293000007,112.3671875,4.382244,0.040483,False,0,2,28128,complete,4.422727,2,8,8,10,1,0.2,0.2,0.2,1.0635272131546054,254.9594502724869
effect2-seed28128,candidate,2.0184543340001255,111.90625,1.935228,0.052514,False,0,2,28128,complete,1.987742,2,8,8,10,1,0.2,0.2,0.2,0.7394787485703747,257.88308798800415
effect2-seed28128,kfl1ou,8.76375025397283,115.0546875,8.667688,0.040343,False,0,2,28128,complete,8.708031,2,5,8,7,1,0.2857142857142857,0.2,0.23529411764705882,0.728792191248665,261.9123505856577
effect2-seed28129,candidate,2.1958457510045264,112.11328125,2.129832,0.049465999999999996,False,0,2,28129,complete,2.1792979999999997,5,5,5,10,1,0.5,0.5,0.5,0.7808598801758637,288.8555838297166
effect2-seed28129,kfl1ou,9.966450587991858,117.52734375,9.911444,0.031417,False,0,2,28129,complete,9.942860999999999,4,1,6,5,1,0.8,0.4,0.5333333333333333,0.7290965986678087,294.24654592891875
effect2-seed28129,baseline,4.0125932509836275,112.3203125,3.916742,0.053437,False,0,2,28129,complete,3.9701790000000003,1,9,9,10,1,0.1,0.1,0.1,1.151504214150999,279.0319174530935
effect2-seed28130,kfl1ou,10.119328795990441,121.08984375,10.009806,0.03442,False,0,2,28130,complete,10.044226,6,3,4,9,1,0.6666666666666666,0.6,0.631578947368421,0.6824497991332492,284.65898170923106
effect2-seed28130,baseline,4.3813152099901345,112.48046875,4.271498,0.026261,False,0,2,28130,complete,4.297759,3,7,7,10,1,0.3,0.3,0.3,1.0829404180737165,296.77211794791936
effect2-seed28130,candidate,2.408233249996556,112.16796875,2.2944269999999998,0.032206,False,0,2,28130,complete,2.3266329999999997,6,4,4,10,1,0.6,0.6,0.6,0.6719140948571485,285.9009583372464
effect6-seed28101,baseline,4.718647919013165,112.28515625,4.606416,0.037339,False,0,6,28101,complete,4.6437550000000005,6,4,4,10,1,0.6,0.6,0.6,0.5909128687472771,283.144451461046
effect6-seed28101,candidate,1.9120892510109115,112.23828125,1.7936269999999999,0.04034,False,0,6,28101,complete,1.833967,7,3,3,10,1,0.7,0.7,0.7,0.4424017165589212,268.0120079914205
effect6-seed28101,kfl1ou,7.320346379012335,123.04296875,7.17094,0.037357999999999995,False,0,6,28101,complete,7.208298,7,2,3,9,1,0.7777777777777778,0.7,0.7368421052631579,0.380747652276461,281.7485480061156
effect6-seed28102,candidate,0.9254807920078747,111.90234375,0.855401,0.041047,False,0,6,28102,complete,0.8964479999999999,3,1,7,4,1,0.75,0.3,0.42857142857142855,3.2659727954472735,361.4595273934274
effect6-seed28102,kfl1ou,8.609539795987075,122.46875,8.544392,0.036931,False,0,6,28102,complete,8.581323,5,5,5,10,1,0.5,0.5,0.5,0.5670188608158386,291.7258431317856
effect6-seed28102,baseline,4.456044919003034,112.2734375,4.383181,0.037491,False,0,6,28102,complete,4.420672000000001,5,5,5,10,1,0.5,0.5,0.5,0.5161394193944963,291.68076235147385
effect6-seed28103,kfl1ou,9.526468921016203,119.5859375,9.397504,0.03541,False,0,6,28103,complete,9.432914,3,4,7,7,1,0.42857142857142855,0.3,0.35294117647058826,1.4402111007234077,318.0541656510375
effect6-seed28103,baseline,4.536527502001263,112.45703125,4.468882,0.046291,False,0,6,28103,complete,4.515173,3,7,7,10,1,0.3,0.3,0.3,1.5610143120257585,300.16462371592286
effect6-seed28103,candidate,1.7692840000090655,111.94921875,1.702774,0.038963,False,0,6,28103,complete,1.741737,5,5,5,10,1,0.5,0.5,0.5,0.5291621297515032,294.0558785174973
effect6-seed28104,baseline,4.518102710979292,112.51171875,4.363447,0.038991,False,0,6,28104,complete,4.402438,6,4,4,10,1,0.6,0.6,0.6,0.7593431401348723,294.2020320455028
effect6-seed28104,candidate,1.706845376000274,112.1328125,1.607431,0.045309999999999996,False,0,6,28104,complete,1.652741,7,3,3,10,1,0.7,0.7,0.7,0.5886487709137042,286.102135753736
effect6-seed28104,kfl1ou,7.383001795009477,122.59765625,7.248565,0.030580999999999997,False,0,6,28104,complete,7.279146,6,1,4,7,1,0.8571428571428571,0.6,0.7058823529411765,1.5902170662076331,332.31367371438773
effect6-seed28105,candidate,2.128122334019281,112.0390625,2.07799,0.043754,False,0,6,28105,complete,2.1217439999999996,7,3,3,10,1,0.7,0.7,0.7,0.7024391416485921,280.25635920867273
effect6-seed28105,kfl1ou,7.9176682959950995,126.9609375,7.807414,0.03083,False,0,6,28105,complete,7.8382439999999995,7,2,3,9,1,0.7777777777777778,0.7,0.7368421052631579,0.626584214564655,285.6507791786843
effect6-seed28105,baseline,4.590063044015551,112.24609375,4.512056,0.041275,False,0,6,28105,complete,4.553331,7,3,3,10,1,0.7,0.7,0.7,0.6612971002908905,281.9199258227716
effect6-seed28106,kfl1ou,9.518383421003819,124.41015625,9.384482,0.050436999999999996,False,0,6,28106,complete,9.434919,3,4,7,7,1,0.42857142857142855,0.3,0.35294117647058826,1.280588347123663,346.4123598014779
effect6-seed28106,baseline,4.559398376994068,112.55078125,4.404235,0.049683,False,0,6,28106,complete,4.453918,7,3,3,10,1,0.7,0.7,0.7,0.7306555524969169,301.35266506644507
effect6-seed28106,candidate,1.9455088340037037,112.19140625,1.8404449999999999,0.034377,False,0,6,28106,complete,1.874822,4,6,6,10,1,0.4,0.4,0.4,2.0667943579277495,341.51789024070905
effect6-seed28107,baseline,4.815396460995544,112.359375,4.697953,0.043311999999999996,False,0,6,28107,complete,4.741265,5,5,5,10,1,0.5,0.5,0.5,2.2342763021463483,327.39811084266415
effect6-seed28107,candidate,2.512358667998342,112.20703125,2.4440429999999997,0.033309,False,0,6,28107,complete,2.4773519999999998,5,5,5,10,1,0.5,0.5,0.5,0.6165949674806965,286.12022571742295
effect6-seed28107,kfl1ou,10.219117255008314,124.7109375,10.08977,0.041756,False,0,6,28107,complete,10.131526,5,3,5,8,1,0.625,0.5,0.5555555555555556,1.7534161510986135,327.6355986613339
effect6-seed28108,candidate,2.7849213340086862,112.32421875,2.642549,0.041489,False,0,6,28108,complete,2.6840379999999997,5,5,5,10,1,0.5,0.5,0.5,0.5641540515774351,302.7032950209086
effect6-seed28108,kfl1ou,9.118806837010197,121.17578125,8.963557999999999,0.041243999999999996,False,0,6,28108,complete,9.004802,3,5,7,8,1,0.375,0.3,0.3333333333333333,0.7728308709782333,317.596056836512
effect6-seed28108,baseline,4.514410084986594,112.4453125,4.381358,0.050379,False,0,6,28108,complete,4.431737,4,6,6,10,1,0.4,0.4,0.4,0.9484624673757444,315.786105211122
effect6-seed28109,kfl1ou,7.417369253991637,151.625,7.312043,0.038224,False,0,6,28109,complete,7.350267,5,4,5,9,1,0.5555555555555556,0.5,0.5263157894736842,0.5681365833622389,277.52620210227116
effect6-seed28109,baseline,4.507694377010921,112.2421875,4.407665,0.047493999999999995,False,0,6,28109,complete,4.455159,5,5,5,10,1,0.5,0.5,0.5,0.5899208941637129,271.02193916123434
effect6-seed28109,candidate,2.618497126008151,112.27734375,2.500191,0.042029,False,0,6,28109,complete,2.54222,5,5,5,10,1,0.5,0.5,0.5,0.606810011394188,275.69534426417647
effect6-seed28110,baseline,4.474215002002893,110.27734375,4.385929,0.039548,False,0,6,28110,complete,4.425477,4,6,6,10,1,0.4,0.4,0.4,0.6260152589733883,292.78820781682566
effect6-seed28110,candidate,2.387623958988115,112.25,2.354101,0.02556,False,0,6,28110,complete,2.379661,4,6,6,10,1,0.4,0.4,0.4,0.37914067470236285,314.34372289848574
effect6-seed28110,kfl1ou,8.408052836020943,122.28125,8.355363,0.041729999999999996,False,0,6,28110,complete,8.397093,4,2,6,6,1,0.6666666666666666,0.4,0.5,1.1111868963486116,331.9721669738245
effect6-seed28111,candidate,2.114457041985588,112.07421875,1.978218,0.047588,False,0,6,28111,complete,2.025806,7,3,3,10,1,0.7,0.7,0.7,0.5425226065234028,295.2583304820765
effect6-seed28111,kfl1ou,8.618139669997618,122.36328125,8.486023,0.034829,False,0,6,28111,complete,8.520852,7,2,3,9,1,0.7777777777777778,0.7,0.7368421052631579,0.48403410332955166,298.29748938029877
effect6-seed28111,baseline,4.51552700198954,112.40625,4.420723,0.035218,False,0,6,28111,complete,4.455941,7,3,3,10,1,0.7,0.7,0.7,0.5404945626408003,299.4088999187313
effect6-seed28112,kfl1ou,8.11306946197874,121.890625,8.000443,0.032333,False,0,6,28112,complete,8.032776,7,2,3,9,1,0.7777777777777778,0.7,0.7368421052631579,0.5703487055594563,313.10138093726056
effect6-seed28112,baseline,4.915511544008041,112.52734375,4.823004,0.037735,False,0,6,28112,complete,4.860739,4,6,6,10,1,0.4,0.4,0.4,2.2037608201491072,336.1350617989376
effect6-seed28112,candidate,1.6655018759774975,111.80078125,1.549848,0.044264,False,0,6,28112,complete,1.594112,8,2,2,10,1,0.8,0.8,0.8,0.502669852153133,310.64582022599507
effect6-seed28113,baseline,4.609488126996439,112.515625,4.463602,0.042982,False,0,6,28113,complete,4.506584,4,6,6,10,1,0.4,0.4,0.4,0.7694781552063822,302.8866167011337
effect6-seed28113,candidate,1.5100769169803243,111.91015625,1.439057,0.036465,False,0,6,28113,complete,1.475522,4,6,6,10,1,0.4,0.4,0.4,0.7749492678871993,304.5937911756474
effect6-seed28113,kfl1ou,7.851357877982082,120.2734375,7.719259,0.028075,False,0,6,28113,complete,7.747334,4,5,6,9,1,0.4444444444444444,0.4,0.42105263157894735,0.6623928713939911,306.9109685919343
effect6-seed28114,candidate,2.0053858749743085,112.1171875,1.921319,0.044698999999999996,False,0,6,28114,complete,1.966018,10,0,0,10,1,1.0,1.0,1.0,0.6497639304458345,296.2209664991294
effect6-seed28114,kfl1ou,8.435808878013631,127.13671875,8.295864,0.036469999999999995,False,0,6,28114,complete,8.332334,9,0,1,9,1,1.0,0.9,0.9473684210526315,1.0822268641413146,337.1082584459713
effect6-seed28114,baseline,4.5150121269980446,112.45703125,4.361642,0.042315,False,0,6,28114,complete,4.403957,10,0,0,10,1,1.0,1.0,1.0,0.6497639304458345,296.2209664991294
effect6-seed28115,kfl1ou,7.291802335996181,138.13671875,7.233073,0.044316999999999995,False,0,6,28115,complete,7.2773900000000005,6,3,4,9,1,0.6666666666666666,0.6,0.631578947368421,0.45463381060925423,291.236176555106
effect6-seed28115,baseline,4.5144314609933645,112.515625,4.3832,0.05377,False,0,6,28115,complete,4.4369700000000005,5,5,5,10,1,0.5,0.5,0.5,0.5423273032927807,286.74026141436565
effect6-seed28115,candidate,2.509113542997511,112.2109375,2.4404,0.033208,False,0,6,28115,complete,2.473608,5,5,5,10,1,0.5,0.5,0.5,0.4809826389419779,284.5985671599454
effect6-seed28116,baseline,4.815580293972744,112.5546875,4.689385,0.035392,False,0,6,28116,complete,4.724777,10,0,0,10,1,1.0,1.0,1.0,0.45329459079361983,273.59959222882077
effect6-seed28116,candidate,2.012473251001211,112.203125,1.8898760000000001,0.039993,False,0,6,28116,complete,1.929869,10,0,0,10,1,1.0,1.0,1.0,0.45329459079361983,273.59959222882077
effect6-seed28116,kfl1ou,9.81430029598414,125.76953125,9.742207,0.035817,False,0,6,28116,complete,9.778024,9,0,1,9,1,1.0,0.9,0.9473684210526315,1.0551321992400142,313.92950679730995
effect6-seed28117,candidate,2.1169606680050492,110.1484375,2.009776,0.045960999999999995,False,0,6,28117,complete,2.055737,7,3,3,10,1,0.7,0.7,0.7,0.4180022681328587,306.9408126557697
effect6-seed28117,kfl1ou,10.35662733798381,120.27734375,10.208611,0.044667,False,0,6,28117,complete,10.253278,7,1,3,8,1,0.875,0.7,0.7777777777777778,0.20421906714229174,311.41303958989926
effect6-seed28117,baseline,4.512913793994812,112.61328125,4.441682,0.037001,False,0,6,28117,complete,4.478683,7,3,3,10,1,0.7,0.7,0.7,0.3757384450487762,304.8135325664724
effect6-seed28118,kfl1ou,7.891342420014553,168.328125,7.731762,0.053815999999999996,False,0,6,28118,complete,7.785578,8,1,2,9,1,0.8888888888888888,0.8,0.8421052631578947,0.5417339115221433,308.55149497029794
effect6-seed28118,baseline,4.61551841799519,112.62109375,4.536237,0.035241999999999996,False,0,6,28118,complete,4.571479,7,3,3,10,1,0.7,0.7,0.7,0.6026608308055604,299.0648457370627
effect6-seed28118,candidate,2.103584583994234,112.30859375,1.959601,0.04378,False,0,6,28118,complete,2.003381,8,2,2,10,1,0.8,0.8,0.8,0.623072515899298,298.92666369194313
effect6-seed28119,baseline,4.5145765019988175,112.625,4.421874,0.031427,False,0,6,28119,complete,4.453301,6,4,4,10,1,0.6,0.6,0.6,0.5440820287616093,301.34523752981346
effect6-seed28119,candidate,2.5281407099973876,112.08203125,2.375186,0.042373999999999995,False,0,6,28119,complete,2.41756,7,3,3,10,1,0.7,0.7,0.7,0.42699415898307874,296.7135251409785
effect6-seed28119,kfl1ou,8.918666170997312,122.64453125,8.826296,0.036847,False,0,6,28119,complete,8.863142999999999,7,3,3,10,1,0.7,0.7,0.7,0.4203488579609031,299.0985922472147
effect6-seed28120,candidate,2.419455043011112,112.27734375,2.325339,0.036968999999999995,False,0,6,28120,complete,2.362308,5,5,5,10,1,0.5,0.5,0.5,0.4806719688031591,296.65025350357314
effect6-seed28120,kfl1ou,8.603411004005466,154.59375,8.450268,0.048234,False,0,6,28120,complete,8.498502,5,3,5,8,1,0.625,0.5,0.5555555555555556,0.3912465848816653,296.261467297137
effect6-seed28120,baseline,4.517435835005017,112.609375,4.386311,0.044392,False,0,6,28120,complete,4.430703,4,6,6,10,1,0.4,0.4,0.4,0.5992459778284739,278.77055601479435
effect6-seed28121,kfl1ou,7.707551878993399,119.953125,7.667723,0.036584,False,0,6,28121,complete,7.704307,3,5,7,8,1,0.375,0.3,0.3333333333333333,0.451035116610648,278.1883569728153
effect6-seed28121,baseline,4.305106960004196,112.453125,4.243901,0.043002,False,0,6,28121,complete,4.286903000000001,3,7,7,10,1,0.3,0.3,0.3,0.7026806807173943,263.49507088620874
effect6-seed28121,candidate,2.4135207509971224,112.19140625,2.323377,0.032001,False,0,6,28121,complete,2.355378,3,7,7,10,1,0.3,0.3,0.3,0.4913760364974786,283.54814807690815
effect6-seed28122,baseline,4.578815833985573,112.5,4.442531,0.049264999999999996,False,0,6,28122,complete,4.491796,5,5,5,10,1,0.5,0.5,0.5,1.5707252386471844,322.4254929152884
effect6-seed28122,candidate,2.3053345840016846,112.265625,2.258595,0.02903,False,0,6,28122,complete,2.2876250000000002,7,3,3,10,1,0.7,0.7,0.7,0.3988079798246779,284.33395545142076
effect6-seed28122,kfl1ou,6.916948919999413,126.4609375,6.813855,0.033094,False,0,6,28122,complete,6.846949,7,3,3,10,1,0.7,0.7,0.7,0.40037501128411995,287.88140802206766
effect6-seed28123,candidate,2.6132080429815687,111.9453125,2.462405,0.049733,False,0,6,28123,complete,2.5121379999999998,6,4,4,10,1,0.6,0.6,0.6,0.6902563213525261,265.56241707765685
effect6-seed28123,kfl1ou,8.445460838003783,123.76953125,8.326277,0.032591,False,0,6,28123,complete,8.358868,6,4,4,10,1,0.6,0.6,0.6,0.6716244524457614,274.3286199202621
effect6-seed28123,baseline,4.613444376998814,112.39453125,4.496663,0.038036,False,0,6,28123,complete,4.534699,6,4,4,10,1,0.6,0.6,0.6,0.6902563213525261,265.56241707765685
effect6-seed28124,kfl1ou,10.462006044981536,155.453125,10.36308,0.035893,False,0,6,28124,complete,10.398973,6,3,4,9,1,0.6666666666666666,0.6,0.631578947368421,0.5326869323699464,302.3166646880991
effect6-seed28124,baseline,4.717242919025011,112.17578125,4.620266,0.037240999999999996,False,0,6,28124,complete,4.657507,4,6,6,10,1,0.4,0.4,0.4,2.0155470012124312,326.8511731155682
effect6-seed28124,candidate,2.445920958998613,112.01953125,2.34398,0.032247,False,0,6,28124,complete,2.376227,6,4,4,10,1,0.6,0.6,0.6,0.5875094146313613,298.67982985334993
effect6-seed28125,baseline,4.505358043999877,112.37109375,4.419154,0.038238999999999995,False,0,6,28125,complete,4.457393,8,2,2,10,1,0.8,0.8,0.8,0.4832878310096646,302.19270397969706
effect6-seed28125,candidate,1.66819175099954,112.109375,1.566673,0.04321,False,0,6,28125,complete,1.609883,8,2,2,10,1,0.8,0.8,0.8,0.5387192990561698,298.16619355657133
effect6-seed28125,kfl1ou,8.467352794017643,124.16796875,8.430842,0.031121999999999997,False,0,6,28125,complete,8.461964,8,2,2,10,1,0.8,0.8,0.8,0.5397248024378754,298.21735751805545
effect6-seed28126,candidate,1.7386695009772666,111.95703125,1.6393879999999998,0.029998999999999998,False,0,6,28126,complete,1.669387,6,4,4,10,1,0.6,0.6,0.6,0.5571738846402647,317.81138461541286
effect6-seed28126,kfl1ou,6.996708170016063,126.10546875,6.918511,0.035768,False,0,6,28126,complete,6.954279,5,2,5,7,1,0.7142857142857143,0.5,0.5882352941176471,2.492289556291867,347.57157882824845
effect6-seed28126,baseline,4.52361733597354,112.54296875,4.396778,0.035223,False,0,6,28126,complete,4.4320010000000005,5,5,5,10,1,0.5,0.5,0.5,0.7107142631975685,315.5186900005757
effect6-seed28127,kfl1ou,8.81045508699026,178.26953125,8.659059,0.054043,False,0,6,28127,complete,8.713102,10,0,0,10,1,1.0,1.0,1.0,0.3561005771573987,293.16449451651755
effect6-seed28127,baseline,4.718548586010002,112.6328125,4.629681,0.041250999999999996,False,0,6,28127,complete,4.670932,9,1,1,10,1,0.9,0.9,0.9,1.0701870783180985,310.65826852208204
effect6-seed28127,candidate,2.230476833996363,111.96875,2.142005,0.042231,False,0,6,28127,complete,2.1842360000000003,10,0,0,10,1,1.0,1.0,1.0,0.35610057796820915,293.16449451651704
effect6-seed28128,baseline,4.615223711007275,112.453125,4.515108,0.037676,False,0,6,28128,complete,4.552784,4,6,6,10,1,0.4,0.4,0.4,0.4991047634777336,272.94344860373445
effect6-seed28128,candidate,1.920558293000795,111.8984375,1.77515,0.041261,False,0,6,28128,complete,1.816411,4,6,6,10,1,0.4,0.4,0.4,0.5119782059901958,271.9194884549857
effect6-seed28128,kfl1ou,7.508458546013571,119.15234375,7.441385,0.040729,False,0,6,28128,complete,7.482114,4,4,6,8,1,0.5,0.4,0.4444444444444444,0.4443506727268591,276.25374420551555
effect6-seed28129,candidate,2.0869760010100435,110.21484375,2.033774,0.038758,False,0,6,28129,complete,2.0725320000000003,8,2,2,10,1,0.8,0.8,0.8,0.5363762582487623,293.20546407136493
effect6-seed28129,kfl1ou,8.68467854600749,167.546875,8.574581,0.050497,False,0,6,28129,complete,8.625078,7,1,3,8,1,0.875,0.7,0.7777777777777778,0.46158511748915043,299.7294818100232
effect6-seed28129,baseline,4.699422126985155,110.421875,4.610022,0.033231,False,0,6,28129,complete,4.643253,7,3,3,10,1,0.7,0.7,0.7,0.5435338221707906,294.3477145904968
effect6-seed28130,kfl1ou,8.733719212992582,123.1875,8.668001,0.029415999999999998,False,0,6,28130,complete,8.697417,8,1,2,9,1,0.8888888888888888,0.8,0.8421052631578947,0.44191531182205956,305.77034519927935
effect6-seed28130,baseline,4.814879834972089,112.515625,4.659001,0.046479,False,0,6,28130,complete,4.70548,8,2,2,10,1,0.8,0.8,0.8,0.48771660766809644,303.7319985637053
effect6-seed28130,candidate,2.0165184600045905,112.16796875,1.959879,0.033559,False,0,6,28130,complete,1.9934379999999998,9,1,1,10,1,0.9,0.9,0.9,0.47067226781921445,296.05033305279807
